{
  "ABeeZee":[
    "400",
    "400i"
  ],
  "Abel":[
    "400"
  ],
  "Abril Fatface":[
    "400"
  ],
  "Aclonica":[
    "400"
  ],
  "Acme":[
    "400"
  ],
  "Actor":[
    "400"
  ],
  "Adamina":[
    "400"
  ],
  "Advent Pro":[
    "100",
    "200",
    "300",
    "400",
    "500",
    "600",
    "700"
  ],
  "Aguafina Script":[
    "400"
  ],
  "Akronim":[
    "400"
  ],
  "Aladin":[
    "400"
  ],
  "Aldrich":[
    "400"
  ],
  "Alef":[
    "400",
    "700"
  ],
  "Alegreya":[
    "400",
    "400i",
    "700",
    "700i",
    "900",
    "900i"
  ],
  "Alegreya SC":[
    "400",
    "400i",
    "700",
    "700i",
    "900",
    "900i"
  ],
  "Alegreya Sans":[
    "100",
    "100i",
    "300",
    "300i",
    "400",
    "400i",
    "500",
    "500i",
    "700",
    "700i",
    "800",
    "800i",
    "900",
    "900i"
  ],
  "Alegreya Sans SC":[
    "100",
    "100i",
    "300",
    "300i",
    "400",
    "400i",
    "500",
    "500i",
    "700",
    "700i",
    "800",
    "800i",
    "900",
    "900i"
  ],
  "Alex Brush":[
    "400"
  ],
  "Alfa Slab One":[
    "400"
  ],
  "Alice":[
    "400"
  ],
  "Alike":[
    "400"
  ],
  "Alike Angular":[
    "400"
  ],
  "Allan":[
    "400",
    "700"
  ],
  "Allerta":[
    "400"
  ],
  "Allerta Stencil":[
    "400"
  ],
  "Allura":[
    "400"
  ],
  "Almendra":[
    "400",
    "400i",
    "700",
    "700i"
  ],
  "Almendra Display":[
    "400"
  ],
  "Almendra SC":[
    "400"
  ],
  "Amarante":[
    "400"
  ],
  "Amaranth":[
    "400",
    "400i",
    "700",
    "700i"
  ],
  "Amatic SC":[
    "400",
    "700"
  ],
  "Amethysta":[
    "400"
  ],
  "Anaheim":[
    "400"
  ],
  "Andada":[
    "400"
  ],
  "Andika":[
    "400"
  ],
  "Angkor":[
    "400"
  ],
  "Annie Use Your Telescope":[
    "400"
  ],
  "Anonymous Pro":[
    "400",
    "400i",
    "700",
    "700i"
  ],
  "Antic":[
    "400"
  ],
  "Antic Didone":[
    "400"
  ],
  "Antic Slab":[
    "400"
  ],
  "Anton":[
    "400"
  ],
  "Arapey":[
    "400",
    "400i"
  ],
  "Arbutus":[
    "400"
  ],
  "Arbutus Slab":[
    "400"
  ],
  "Architects Daughter":[
    "400"
  ],
  "Archivo Black":[
    "400"
  ],
  "Archivo Narrow":[
    "400",
    "400i",
    "700",
    "700i"
  ],
  "Arimo":[
    "400",
    "400i",
    "700",
    "700i"
  ],
  "Arizonia":[
    "400"
  ],
  "Armata":[
    "400"
  ],
  "Artifika":[
    "400"
  ],
  "Arvo":[
    "400",
    "400i",
    "700",
    "700i"
  ],
  "Asap":[
    "400",
    "400i",
    "700",
    "700i"
  ],
  "Asset":[
    "400"
  ],
  "Astloch":[
    "400",
    "700"
  ],
  "Asul":[
    "400",
    "700"
  ],
  "Atomic Age":[
    "400"
  ],
  "Aubrey":[
    "400"
  ],
  "Audiowide":[
    "400"
  ],
  "Autour One":[
    "400"
  ],
  "Average":[
    "400"
  ],
  "Average Sans":[
    "400"
  ],
  "Averia Gruesa Libre":[
    "400"
  ],
  "Averia Libre":[
    "300",
    "300i",
    "400",
    "400i",
    "700",
    "700i"
  ],
  "Averia Sans Libre":[
    "300",
    "300i",
    "400",
    "400i",
    "700",
    "700i"
  ],
  "Averia Serif Libre":[
    "300",
    "300i",
    "400",
    "400i",
    "700",
    "700i"
  ],
  "Bad Script":[
    "400"
  ],
  "Balthazar":[
    "400"
  ],
  "Bangers":[
    "400"
  ],
  "Basic":[
    "400"
  ],
  "Battambang":[
    "400",
    "700"
  ],
  "Baumans":[
    "400"
  ],
  "Bayon":[
    "400"
  ],
  "Belgrano":[
    "400"
  ],
  "Belleza":[
    "400"
  ],
  "BenchNine":[
    "300",
    "400",
    "700"
  ],
  "Bentham":[
    "400"
  ],
  "Berkshire Swash":[
    "400"
  ],
  "Bevan":[
    "400"
  ],
  "Bigelow Rules":[
    "400"
  ],
  "Bigshot One":[
    "400"
  ],
  "Bilbo":[
    "400"
  ],
  "Bilbo Swash Caps":[
    "400"
  ],
  "Bitter":[
    "400",
    "400i",
    "700"
  ],
  "Black Ops One":[
    "400"
  ],
  "Bokor":[
    "400"
  ],
  "Bonbon":[
    "400"
  ],
  "Boogaloo":[
    "400"
  ],
  "Bowlby One":[
    "400"
  ],
  "Bowlby One SC":[
    "400"
  ],
  "Brawler":[
    "400"
  ],
  "Bree Serif":[
    "400"
  ],
  "Bubblegum Sans":[
    "400"
  ],
  "Bubbler One":[
    "400"
  ],
  "Buda":[
    "300"
  ],
  "Buenard":[
    "400",
    "700"
  ],
  "Butcherman":[
    "400"
  ],
  "Butterfly Kids":[
    "400"
  ],
  "Cabin":[
    "400",
    "400i",
    "500",
    "500i",
    "600",
    "600i",
    "700",
    "700i"
  ],
  "Cabin Condensed":[
    "400",
    "500",
    "600",
    "700"
  ],
  "Cabin Sketch":[
    "400",
    "700"
  ],
  "Caesar Dressing":[
    "400"
  ],
  "Cagliostro":[
    "400"
  ],
  "Calligraffitti":[
    "400"
  ],
  "Cambo":[
    "400"
  ],
  "Candal":[
    "400"
  ],
  "Cantarell":[
    "400",
    "400i",
    "700",
    "700i"
  ],
  "Cantata One":[
    "400"
  ],
  "Cantora One":[
    "400"
  ],
  "Capriola":[
    "400"
  ],
  "Cardo":[
    "400",
    "400i",
    "700"
  ],
  "Carme":[
    "400"
  ],
  "Carrois Gothic":[
    "400"
  ],
  "Carrois Gothic SC":[
    "400"
  ],
  "Carter One":[
    "400"
  ],
  "Caudex":[
    "400",
    "400i",
    "700",
    "700i"
  ],
  "Cedarville Cursive":[
    "400"
  ],
  "Ceviche One":[
    "400"
  ],
  "Changa One":[
    "400",
    "400i"
  ],
  "Chango":[
    "400"
  ],
  "Chau Philomene One":[
    "400",
    "400i"
  ],
  "Chela One":[
    "400"
  ],
  "Chelsea Market":[
    "400"
  ],
  "Chenla":[
    "400"
  ],
  "Cherry Cream Soda":[
    "400"
  ],
  "Cherry Swash":[
    "400",
    "700"
  ],
  "Chewy":[
    "400"
  ],
  "Chicle":[
    "400"
  ],
  "Chivo":[
    "400",
    "400i",
    "900",
    "900i"
  ],
  "Cinzel":[
    "400",
    "700",
    "900"
  ],
  "Cinzel Decorative":[
    "400",
    "700",
    "900"
  ],
  "Clicker Script":[
    "400"
  ],
  "Coda":[
    "400",
    "800"
  ],
  "Coda Caption":[
    "800"
  ],
  "Codystar":[
    "300",
    "400"
  ],
  "Combo":[
    "400"
  ],
  "Comfortaa":[
    "300",
    "400",
    "700"
  ],
  "Coming Soon":[
    "400"
  ],
  "Concert One":[
    "400"
  ],
  "Condiment":[
    "400"
  ],
  "Content":[
    "400",
    "700"
  ],
  "Contrail One":[
    "400"
  ],
  "Convergence":[
    "400"
  ],
  "Cookie":[
    "400"
  ],
  "Copse":[
    "400"
  ],
  "Corben":[
    "400",
    "700"
  ],
  "Courgette":[
    "400"
  ],
  "Cousine":[
    "400",
    "400i",
    "700",
    "700i"
  ],
  "Coustard":[
    "400",
    "900"
  ],
  "Covered By Your Grace":[
    "400"
  ],
  "Crafty Girls":[
    "400"
  ],
  "Creepster":[
    "400"
  ],
  "Crete Round":[
    "400",
    "400i"
  ],
  "Crimson Text":[
    "400",
    "400i",
    "600",
    "600i",
    "700",
    "700i"
  ],
  "Croissant One":[
    "400"
  ],
  "Crushed":[
    "400"
  ],
  "Cuprum":[
    "400",
    "400i",
    "700",
    "700i"
  ],
  "Cutive":[
    "400"
  ],
  "Cutive Mono":[
    "400"
  ],
  "Damion":[
    "400"
  ],
  "Dancing Script":[
    "400",
    "700"
  ],
  "Dangrek":[
    "400"
  ],
  "Dawning of a New Day":[
    "400"
  ],
  "Days One":[
    "400"
  ],
  "Delius":[
    "400"
  ],
  "Delius Swash Caps":[
    "400"
  ],
  "Delius Unicase":[
    "400",
    "700"
  ],
  "Della Respira":[
    "400"
  ],
  "Denk One":[
    "400"
  ],
  "Devonshire":[
    "400"
  ],
  "Didact Gothic":[
    "400"
  ],
  "Diplomata":[
    "400"
  ],
  "Diplomata SC":[
    "400"
  ],
  "Domine":[
    "400",
    "700"
  ],
  "Donegal One":[
    "400"
  ],
  "Doppio One":[
    "400"
  ],
  "Dorsa":[
    "400"
  ],
  "Dosis":[
    "200",
    "300",
    "400",
    "500",
    "600",
    "700",
    "800"
  ],
  "Dr Sugiyama":[
    "400"
  ],
  "Droid Sans":[
    "400",
    "700"
  ],
  "Droid Sans Mono":[
    "400"
  ],
  "Droid Serif":[
    "400",
    "400i",
    "700",
    "700i"
  ],
  "Duru Sans":[
    "400"
  ],
  "Dynalight":[
    "400"
  ],
  "EB Garamond":[
    "400"
  ],
  "Eagle Lake":[
    "400"
  ],
  "Eater":[
    "400"
  ],
  "Economica":[
    "400",
    "400i",
    "700",
    "700i"
  ],
  "Ek Mukta":[
    "200",
    "300",
    "400",
    "500",
    "600",
    "700",
    "800"
  ],
  "Electrolize":[
    "400"
  ],
  "Elsie":[
    "400",
    "900"
  ],
  "Elsie Swash Caps":[
    "400",
    "900"
  ],
  "Emblema One":[
    "400"
  ],
  "Emilys Candy":[
    "400"
  ],
  "Engagement":[
    "400"
  ],
  "Englebert":[
    "400"
  ],
  "Enriqueta":[
    "400",
    "700"
  ],
  "Erica One":[
    "400"
  ],
  "Esteban":[
    "400"
  ],
  "Euphoria Script":[
    "400"
  ],
  "Ewert":[
    "400"
  ],
  "Exo":[
    "100",
    "100i",
    "200",
    "200i",
    "300",
    "300i",
    "400",
    "400i",
    "500",
    "500i",
    "600",
    "600i",
    "700",
    "700i",
    "800",
    "800i",
    "900",
    "900i"
  ],
  "Exo 2":[
    "100",
    "100i",
    "200",
    "200i",
    "300",
    "300i",
    "400",
    "400i",
    "500",
    "500i",
    "600",
    "600i",
    "700",
    "700i",
    "800",
    "800i",
    "900",
    "900i"
  ],
  "Expletus Sans":[
    "400",
    "400i",
    "500",
    "500i",
    "600",
    "600i",
    "700",
    "700i"
  ],
  "Fanwood Text":[
    "400",
    "400i"
  ],
  "Fascinate":[
    "400"
  ],
  "Fascinate Inline":[
    "400"
  ],
  "Faster One":[
    "400"
  ],
  "Fasthand":[
    "400"
  ],
  "Fauna One":[
    "400"
  ],
  "Federant":[
    "400"
  ],
  "Federo":[
    "400"
  ],
  "Felipa":[
    "400"
  ],
  "Fenix":[
    "400"
  ],
  "Finger Paint":[
    "400"
  ],
  "Fira Mono":[
    "400",
    "700"
  ],
  "Fira Sans":[
    "300",
    "300i",
    "400",
    "400i",
    "500",
    "500i",
    "700",
    "700i"
  ],
  "Fjalla One":[
    "400"
  ],
  "Fjord One":[
    "400"
  ],
  "Flamenco":[
    "300",
    "400"
  ],
  "Flavors":[
    "400"
  ],
  "Fondamento":[
    "400",
    "400i"
  ],
  "Fontdiner Swanky":[
    "400"
  ],
  "Forum":[
    "400"
  ],
  "Francois One":[
    "400"
  ],
  "Freckle Face":[
    "400"
  ],
  "Fredericka the Great":[
    "400"
  ],
  "Fredoka One":[
    "400"
  ],
  "Freehand":[
    "400"
  ],
  "Fresca":[
    "400"
  ],
  "Frijole":[
    "400"
  ],
  "Fruktur":[
    "400"
  ],
  "Fugaz One":[
    "400"
  ],
  "GFS Didot":[
    "400"
  ],
  "GFS Neohellenic":[
    "400",
    "400i",
    "700",
    "700i"
  ],
  "Gabriela":[
    "400"
  ],
  "Gafata":[
    "400"
  ],
  "Galdeano":[
    "400"
  ],
  "Galindo":[
    "400"
  ],
  "Gentium Basic":[
    "400",
    "400i",
    "700",
    "700i"
  ],
  "Gentium Book Basic":[
    "400",
    "400i",
    "700",
    "700i"
  ],
  "Geo":[
    "400",
    "400i"
  ],
  "Geostar":[
    "400"
  ],
  "Geostar Fill":[
    "400"
  ],
  "Germania One":[
    "400"
  ],
  "Gilda Display":[
    "400"
  ],
  "Give You Glory":[
    "400"
  ],
  "Glass Antiqua":[
    "400"
  ],
  "Glegoo":[
    "400",
    "700"
  ],
  "Gloria Hallelujah":[
    "400"
  ],
  "Goblin One":[
    "400"
  ],
  "Gochi Hand":[
    "400"
  ],
  "Gorditas":[
    "400",
    "700"
  ],
  "Goudy Bookletter 1911":[
    "400"
  ],
  "Graduate":[
    "400"
  ],
  "Grand Hotel":[
    "400"
  ],
  "Gravitas One":[
    "400"
  ],
  "Great Vibes":[
    "400"
  ],
  "Griffy":[
    "400"
  ],
  "Gruppo":[
    "400"
  ],
  "Gudea":[
    "400",
    "400i",
    "700"
  ],
  "Habibi":[
    "400"
  ],
  "Halant":[
    "300",
    "400",
    "500",
    "600",
    "700"
  ],
  "Hammersmith One":[
    "400"
  ],
  "Hanalei":[
    "400"
  ],
  "Hanalei Fill":[
    "400"
  ],
  "Handlee":[
    "400"
  ],
  "Hanuman":[
    "400",
    "700"
  ],
  "Happy Monkey":[
    "400"
  ],
  "Headland One":[
    "400"
  ],
  "Henny Penny":[
    "400"
  ],
  "Herr Von Muellerhoff":[
    "400"
  ],
  "Hind":[
    "300",
    "400",
    "500",
    "600",
    "700"
  ],
  "Holtwood One SC":[
    "400"
  ],
  "Homemade Apple":[
    "400"
  ],
  "Homenaje":[
    "400"
  ],
  "IM Fell DW Pica":[
    "400",
    "400i"
  ],
  "IM Fell DW Pica SC":[
    "400"
  ],
  "IM Fell Double Pica":[
    "400",
    "400i"
  ],
  "IM Fell Double Pica SC":[
    "400"
  ],
  "IM Fell English":[
    "400",
    "400i"
  ],
  "IM Fell English SC":[
    "400"
  ],
  "IM Fell French Canon":[
    "400",
    "400i"
  ],
  "IM Fell French Canon SC":[
    "400"
  ],
  "IM Fell Great Primer":[
    "400",
    "400i"
  ],
  "IM Fell Great Primer SC":[
    "400"
  ],
  "Iceberg":[
    "400"
  ],
  "Iceland":[
    "400"
  ],
  "Imprima":[
    "400"
  ],
  "Inconsolata":[
    "400",
    "700"
  ],
  "Inder":[
    "400"
  ],
  "Indie Flower":[
    "400"
  ],
  "Inika":[
    "400",
    "700"
  ],
  "Irish Grover":[
    "400"
  ],
  "Istok Web":[
    "400",
    "400i",
    "700",
    "700i"
  ],
  "Italiana":[
    "400"
  ],
  "Italianno":[
    "400"
  ],
  "Jacques Francois":[
    "400"
  ],
  "Jacques Francois Shadow":[
    "400"
  ],
  "Jim Nightshade":[
    "400"
  ],
  "Jockey One":[
    "400"
  ],
  "Jolly Lodger":[
    "400"
  ],
  "Josefin Sans":[
    "100",
    "100i",
    "300",
    "300i",
    "400",
    "400i",
    "600",
    "600i",
    "700",
    "700i"
  ],
  "Josefin Slab":[
    "100",
    "100i",
    "300",
    "300i",
    "400",
    "400i",
    "600",
    "600i",
    "700",
    "700i"
  ],
  "Joti One":[
    "400"
  ],
  "Judson":[
    "400",
    "400i",
    "700"
  ],
  "Julee":[
    "400"
  ],
  "Julius Sans One":[
    "400"
  ],
  "Junge":[
    "400"
  ],
  "Jura":[
    "300",
    "400",
    "500",
    "600"
  ],
  "Just Another Hand":[
    "400"
  ],
  "Just Me Again Down Here":[
    "400"
  ],
  "Kalam":[
    "300",
    "400",
    "700"
  ],
  "Kameron":[
    "400",
    "700"
  ],
  "Kantumruy":[
    "300",
    "400",
    "700"
  ],
  "Karla":[
    "400",
    "400i",
    "700",
    "700i"
  ],
  "Karma":[
    "300",
    "400",
    "500",
    "600",
    "700"
  ],
  "Kaushan Script":[
    "400"
  ],
  "Kavoon":[
    "400"
  ],
  "Kdam Thmor":[
    "400"
  ],
  "Keania One":[
    "400"
  ],
  "Kelly Slab":[
    "400"
  ],
  "Kenia":[
    "400"
  ],
  "Khand":[
    "300",
    "400",
    "500",
    "600",
    "700"
  ],
  "Khmer":[
    "400"
  ],
  "Kite One":[
    "400"
  ],
  "Knewave":[
    "400"
  ],
  "Kotta One":[
    "400"
  ],
  "Koulen":[
    "400"
  ],
  "Kranky":[
    "400"
  ],
  "Kreon":[
    "300",
    "400",
    "700"
  ],
  "Kristi":[
    "400"
  ],
  "Krona One":[
    "400"
  ],
  "La Belle Aurore":[
    "400"
  ],
  "Laila":[
    "300",
    "400",
    "500",
    "600",
    "700"
  ],
  "Lancelot":[
    "400"
  ],
  "Lato":[
    "100",
    "100i",
    "300",
    "300i",
    "400",
    "400i",
    "700",
    "700i",
    "900",
    "900i"
  ],
  "League Script":[
    "400"
  ],
  "Leckerli One":[
    "400"
  ],
  "Ledger":[
    "400"
  ],
  "Lekton":[
    "400",
    "400i",
    "700"
  ],
  "Lemon":[
    "400"
  ],
  "Libre Baskerville":[
    "400",
    "400i",
    "700"
  ],
  "Life Savers":[
    "400",
    "700"
  ],
  "Lilita One":[
    "400"
  ],
  "Lily Script One":[
    "400"
  ],
  "Limelight":[
    "400"
  ],
  "Linden Hill":[
    "400",
    "400i"
  ],
  "Lobster":[
    "400"
  ],
  "Lobster Two":[
    "400",
    "400i",
    "700",
    "700i"
  ],
  "Londrina Outline":[
    "400"
  ],
  "Londrina Shadow":[
    "400"
  ],
  "Londrina Sketch":[
    "400"
  ],
  "Londrina Solid":[
    "400"
  ],
  "Lora":[
    "400",
    "400i",
    "700",
    "700i"
  ],
  "Love Ya Like A Sister":[
    "400"
  ],
  "Loved by the King":[
    "400"
  ],
  "Lovers Quarrel":[
    "400"
  ],
  "Luckiest Guy":[
    "400"
  ],
  "Lusitana":[
    "400",
    "700"
  ],
  "Lustria":[
    "400"
  ],
  "Macondo":[
    "400"
  ],
  "Macondo Swash Caps":[
    "400"
  ],
  "Magra":[
    "400",
    "700"
  ],
  "Maiden Orange":[
    "400"
  ],
  "Mako":[
    "400"
  ],
  "Marcellus":[
    "400"
  ],
  "Marcellus SC":[
    "400"
  ],
  "Marck Script":[
    "400"
  ],
  "Margarine":[
    "400"
  ],
  "Marko One":[
    "400"
  ],
  "Marmelad":[
    "400"
  ],
  "Marvel":[
    "400",
    "400i",
    "700",
    "700i"
  ],
  "Mate":[
    "400",
    "400i"
  ],
  "Mate SC":[
    "400"
  ],
  "Maven Pro":[
    "400",
    "500",
    "700",
    "900"
  ],
  "McLaren":[
    "400"
  ],
  "Meddon":[
    "400"
  ],
  "MedievalSharp":[
    "400"
  ],
  "Medula One":[
    "400"
  ],
  "Megrim":[
    "400"
  ],
  "Meie Script":[
    "400"
  ],
  "Merienda":[
    "400",
    "700"
  ],
  "Merienda One":[
    "400"
  ],
  "Merriweather":[
    "300",
    "300i",
    "400",
    "400i",
    "700",
    "700i",
    "900",
    "900i"
  ],
  "Merriweather Sans":[
    "300",
    "300i",
    "400",
    "400i",
    "700",
    "700i",
    "800",
    "800i"
  ],
  "Metal":[
    "400"
  ],
  "Metal Mania":[
    "400"
  ],
  "Metamorphous":[
    "400"
  ],
  "Metrophobic":[
    "400"
  ],
  "Michroma":[
    "400"
  ],
  "Milonga":[
    "400"
  ],
  "Miltonian":[
    "400"
  ],
  "Miltonian Tattoo":[
    "400"
  ],
  "Miniver":[
    "400"
  ],
  "Miss Fajardose":[
    "400"
  ],
  "Modern Antiqua":[
    "400"
  ],
  "Molengo":[
    "400"
  ],
  "Molle":[
    "400i"
  ],
  "Monda":[
    "400",
    "700"
  ],
  "Monofett":[
    "400"
  ],
  "Monoton":[
    "400"
  ],
  "Monsieur La Doulaise":[
    "400"
  ],
  "Montaga":[
    "400"
  ],
  "Montez":[
    "400"
  ],
  "Montserrat":[
    "400",
    "700"
  ],
  "Montserrat Alternates":[
    "400",
    "700"
  ],
  "Montserrat Subrayada":[
    "400",
    "700"
  ],
  "Moul":[
    "400"
  ],
  "Moulpali":[
    "400"
  ],
  "Mountains of Christmas":[
    "400",
    "700"
  ],
  "Mouse Memoirs":[
    "400"
  ],
  "Mr Bedfort":[
    "400"
  ],
  "Mr Dafoe":[
    "400"
  ],
  "Mr De Haviland":[
    "400"
  ],
  "Mrs Saint Delafield":[
    "400"
  ],
  "Mrs Sheppards":[
    "400"
  ],
  "Muli":[
    "300",
    "300i",
    "400",
    "400i"
  ],
  "Mystery Quest":[
    "400"
  ],
  "Neucha":[
    "400"
  ],
  "Neuton":[
    "200",
    "300",
    "400",
    "400i",
    "700",
    "800"
  ],
  "New Rocker":[
    "400"
  ],
  "News Cycle":[
    "400",
    "700"
  ],
  "Niconne":[
    "400"
  ],
  "Nixie One":[
    "400"
  ],
  "Nobile":[
    "400",
    "400i",
    "700",
    "700i"
  ],
  "Nokora":[
    "400",
    "700"
  ],
  "Norican":[
    "400"
  ],
  "Nosifer":[
    "400"
  ],
  "Nothing You Could Do":[
    "400"
  ],
  "Noticia Text":[
    "400",
    "400i",
    "700",
    "700i"
  ],
  "Noto Sans":[
    "400",
    "400i",
    "700",
    "700i"
  ],
  "Noto Serif":[
    "400",
    "400i",
    "700",
    "700i"
  ],
  "Nova Cut":[
    "400"
  ],
  "Nova Flat":[
    "400"
  ],
  "Nova Mono":[
    "400"
  ],
  "Nova Oval":[
    "400"
  ],
  "Nova Round":[
    "400"
  ],
  "Nova Script":[
    "400"
  ],
  "Nova Slim":[
    "400"
  ],
  "Nova Square":[
    "400"
  ],
  "Numans":[
    "400"
  ],
  "Nunito":[
    "300",
    "400",
    "700"
  ],
  "Odor Mean Chey":[
    "400"
  ],
  "Offside":[
    "400"
  ],
  "Old Standard TT":[
    "400",
    "400i",
    "700"
  ],
  "Oldenburg":[
    "400"
  ],
  "Oleo Script":[
    "400",
    "700"
  ],
  "Oleo Script Swash Caps":[
    "400",
    "700"
  ],
  "Open Sans":[
    "300",
    "300i",
    "400",
    "400i",
    "600",
    "600i",
    "700",
    "700i",
    "800",
    "800i"
  ],
  "Open Sans Condensed":[
    "300",
    "300i",
    "700"
  ],
  "Oranienbaum":[
    "400"
  ],
  "Orbitron":[
    "400",
    "500",
    "700",
    "900"
  ],
  "Oregano":[
    "400",
    "400i"
  ],
  "Orienta":[
    "400"
  ],
  "Original Surfer":[
    "400"
  ],
  "Oswald":[
    "300",
    "400",
    "700"
  ],
  "Over the Rainbow":[
    "400"
  ],
  "Overlock":[
    "400",
    "400i",
    "700",
    "700i",
    "900",
    "900i"
  ],
  "Overlock SC":[
    "400"
  ],
  "Ovo":[
    "400"
  ],
  "Oxygen":[
    "300",
    "400",
    "700"
  ],
  "Oxygen Mono":[
    "400"
  ],
  "PT Mono":[
    "400"
  ],
  "PT Sans":[
    "400",
    "400i",
    "700",
    "700i"
  ],
  "PT Sans Caption":[
    "400",
    "700"
  ],
  "PT Sans Narrow":[
    "400",
    "700"
  ],
  "PT Serif":[
    "400",
    "400i",
    "700",
    "700i"
  ],
  "PT Serif Caption":[
    "400",
    "400i"
  ],
  "Pacifico":[
    "400"
  ],
  "Paprika":[
    "400"
  ],
  "Parisienne":[
    "400"
  ],
  "Passero One":[
    "400"
  ],
  "Passion One":[
    "400",
    "700",
    "900"
  ],
  "Pathway Gothic One":[
    "400"
  ],
  "Patrick Hand":[
    "400"
  ],
  "Patrick Hand SC":[
    "400"
  ],
  "Patua One":[
    "400"
  ],
  "Paytone One":[
    "400"
  ],
  "Peralta":[
    "400"
  ],
  "Permanent Marker":[
    "400"
  ],
  "Petit Formal Script":[
    "400"
  ],
  "Petrona":[
    "400"
  ],
  "Philosopher":[
    "400",
    "400i",
    "700",
    "700i"
  ],
  "Piedra":[
    "400"
  ],
  "Pinyon Script":[
    "400"
  ],
  "Pirata One":[
    "400"
  ],
  "Plaster":[
    "400"
  ],
  "Play":[
    "400",
    "700"
  ],
  "Playball":[
    "400"
  ],
  "Playfair Display":[
    "400",
    "400i",
    "700",
    "700i",
    "900",
    "900i"
  ],
  "Playfair Display SC":[
    "400",
    "400i",
    "700",
    "700i",
    "900",
    "900i"
  ],
  "Podkova":[
    "400",
    "700"
  ],
  "Poiret One":[
    "400"
  ],
  "Poller One":[
    "400"
  ],
  "Poly":[
    "400",
    "400i"
  ],
  "Pompiere":[
    "400"
  ],
  "Pontano Sans":[
    "400"
  ],
  "Port Lligat Sans":[
    "400"
  ],
  "Port Lligat Slab":[
    "400"
  ],
  "Prata":[
    "400"
  ],
  "Preahvihear":[
    "400"
  ],
  "Press Start 2P":[
    "400"
  ],
  "Princess Sofia":[
    "400"
  ],
  "Prociono":[
    "400"
  ],
  "Prosto One":[
    "400"
  ],
  "Puritan":[
    "400",
    "400i",
    "700",
    "700i"
  ],
  "Purple Purse":[
    "400"
  ],
  "Quando":[
    "400"
  ],
  "Quantico":[
    "400",
    "400i",
    "700",
    "700i"
  ],
  "Quattrocento":[
    "400",
    "700"
  ],
  "Quattrocento Sans":[
    "400",
    "400i",
    "700",
    "700i"
  ],
  "Questrial":[
    "400"
  ],
  "Quicksand":[
    "300",
    "400",
    "700"
  ],
  "Quintessential":[
    "400"
  ],
  "Qwigley":[
    "400"
  ],
  "Racing Sans One":[
    "400"
  ],
  "Radley":[
    "400",
    "400i"
  ],
  "Rajdhani":[
    "300",
    "400",
    "500",
    "600",
    "700"
  ],
  "Raleway":[
    "100",
    "200",
    "300",
    "400",
    "500",
    "600",
    "700",
    "800",
    "900"
  ],
  "Raleway Dots":[
    "400"
  ],
  "Rambla":[
    "400",
    "400i",
    "700",
    "700i"
  ],
  "Rammetto One":[
    "400"
  ],
  "Ranchers":[
    "400"
  ],
  "Rancho":[
    "400"
  ],
  "Rationale":[
    "400"
  ],
  "Redressed":[
    "400"
  ],
  "Reenie Beanie":[
    "400"
  ],
  "Revalia":[
    "400"
  ],
  "Ribeye":[
    "400"
  ],
  "Ribeye Marrow":[
    "400"
  ],
  "Righteous":[
    "400"
  ],
  "Risque":[
    "400"
  ],
  "Roboto":[
    "100",
    "100i",
    "300",
    "300i",
    "400",
    "400i",
    "500",
    "500i",
    "700",
    "700i",
    "900",
    "900i"
  ],
  "Roboto Condensed":[
    "300",
    "300i",
    "400",
    "400i",
    "700",
    "700i"
  ],
  "Roboto Slab":[
    "100",
    "300",
    "400",
    "700"
  ],
  "Rochester":[
    "400"
  ],
  "Rock Salt":[
    "400"
  ],
  "Rokkitt":[
    "400",
    "700"
  ],
  "Romanesco":[
    "400"
  ],
  "Ropa Sans":[
    "400",
    "400i"
  ],
  "Rosario":[
    "400",
    "400i",
    "700",
    "700i"
  ],
  "Rosarivo":[
    "400",
    "400i"
  ],
  "Rouge Script":[
    "400"
  ],
  "Rozha One":[
    "400"
  ],
  "Rubik Mono One":[
    "400"
  ],
  "Rubik One":[
    "400"
  ],
  "Ruda":[
    "400",
    "700",
    "900"
  ],
  "Rufina":[
    "400",
    "700"
  ],
  "Ruge Boogie":[
    "400"
  ],
  "Ruluko":[
    "400"
  ],
  "Rum Raisin":[
    "400"
  ],
  "Ruslan Display":[
    "400"
  ],
  "Russo One":[
    "400"
  ],
  "Ruthie":[
    "400"
  ],
  "Rye":[
    "400"
  ],
  "Sacramento":[
    "400"
  ],
  "Sail":[
    "400"
  ],
  "Salsa":[
    "400"
  ],
  "Sanchez":[
    "400",
    "400i"
  ],
  "Sancreek":[
    "400"
  ],
  "Sansita One":[
    "400"
  ],
  "Sarina":[
    "400"
  ],
  "Sarpanch":[
    "400",
    "500",
    "600",
    "700",
    "800",
    "900"
  ],
  "Satisfy":[
    "400"
  ],
  "Scada":[
    "400",
    "400i",
    "700",
    "700i"
  ],
  "Schoolbell":[
    "400"
  ],
  "Seaweed Script":[
    "400"
  ],
  "Sevillana":[
    "400"
  ],
  "Seymour One":[
    "400"
  ],
  "Shadows Into Light":[
    "400"
  ],
  "Shadows Into Light Two":[
    "400"
  ],
  "Shanti":[
    "400"
  ],
  "Share":[
    "400",
    "400i",
    "700",
    "700i"
  ],
  "Share Tech":[
    "400"
  ],
  "Share Tech Mono":[
    "400"
  ],
  "Shojumaru":[
    "400"
  ],
  "Short Stack":[
    "400"
  ],
  "Siemreap":[
    "400"
  ],
  "Sigmar One":[
    "400"
  ],
  "Signika":[
    "300",
    "400",
    "600",
    "700"
  ],
  "Signika Negative":[
    "300",
    "400",
    "600",
    "700"
  ],
  "Simonetta":[
    "400",
    "400i",
    "900",
    "900i"
  ],
  "Sintony":[
    "400",
    "700"
  ],
  "Sirin Stencil":[
    "400"
  ],
  "Six Caps":[
    "400"
  ],
  "Skranji":[
    "400",
    "700"
  ],
  "Slabo 13px":[
    "400"
  ],
  "Slabo 27px":[
    "400"
  ],
  "Slackey":[
    "400"
  ],
  "Smokum":[
    "400"
  ],
  "Smythe":[
    "400"
  ],
  "Sniglet":[
    "400",
    "800"
  ],
  "Snippet":[
    "400"
  ],
  "Snowburst One":[
    "400"
  ],
  "Sofadi One":[
    "400"
  ],
  "Sofia":[
    "400"
  ],
  "Sonsie One":[
    "400"
  ],
  "Sorts Mill Goudy":[
    "400",
    "400i"
  ],
  "Source Code Pro":[
    "200",
    "300",
    "400",
    "500",
    "600",
    "700",
    "900"
  ],
  "Source Sans Pro":[
    "200",
    "200i",
    "300",
    "300i",
    "400",
    "400i",
    "600",
    "600i",
    "700",
    "700i",
    "900",
    "900i"
  ],
  "Source Serif Pro":[
    "400",
    "600",
    "700"
  ],
  "Special Elite":[
    "400"
  ],
  "Spicy Rice":[
    "400"
  ],
  "Spinnaker":[
    "400"
  ],
  "Spirax":[
    "400"
  ],
  "Squada One":[
    "400"
  ],
  "Stalemate":[
    "400"
  ],
  "Stalinist One":[
    "400"
  ],
  "Stardos Stencil":[
    "400",
    "700"
  ],
  "Stint Ultra Condensed":[
    "400"
  ],
  "Stint Ultra Expanded":[
    "400"
  ],
  "Stoke":[
    "300",
    "400"
  ],
  "Strait":[
    "400"
  ],
  "Sue Ellen Francisco":[
    "400"
  ],
  "Sunshiney":[
    "400"
  ],
  "Supermercado One":[
    "400"
  ],
  "Suwannaphum":[
    "400"
  ],
  "Swanky and Moo Moo":[
    "400"
  ],
  "Syncopate":[
    "400",
    "700"
  ],
  "Tangerine":[
    "400",
    "700"
  ],
  "Taprom":[
    "400"
  ],
  "Tauri":[
    "400"
  ],
  "Teko":[
    "300",
    "400",
    "500",
    "600",
    "700"
  ],
  "Telex":[
    "400"
  ],
  "Tenor Sans":[
    "400"
  ],
  "Text Me One":[
    "400"
  ],
  "The Girl Next Door":[
    "400"
  ],
  "Tienne":[
    "400",
    "700",
    "900"
  ],
  "Tinos":[
    "400",
    "400i",
    "700",
    "700i"
  ],
  "Titan One":[
    "400"
  ],
  "Titillium Web":[
    "200",
    "200i",
    "300",
    "300i",
    "400",
    "400i",
    "600",
    "600i",
    "700",
    "700i",
    "900"
  ],
  "Trade Winds":[
    "400"
  ],
  "Trocchi":[
    "400"
  ],
  "Trochut":[
    "400",
    "400i",
    "700"
  ],
  "Trykker":[
    "400"
  ],
  "Tulpen One":[
    "400"
  ],
  "Ubuntu":[
    "300",
    "300i",
    "400",
    "400i",
    "500",
    "500i",
    "700",
    "700i"
  ],
  "Ubuntu Condensed":[
    "400"
  ],
  "Ubuntu Mono":[
    "400",
    "400i",
    "700",
    "700i"
  ],
  "Ultra":[
    "400"
  ],
  "Uncial Antiqua":[
    "400"
  ],
  "Underdog":[
    "400"
  ],
  "Unica One":[
    "400"
  ],
  "UnifrakturCook":[
    "700"
  ],
  "UnifrakturMaguntia":[
    "400"
  ],
  "Unkempt":[
    "400",
    "700"
  ],
  "Unlock":[
    "400"
  ],
  "Unna":[
    "400"
  ],
  "VT323":[
    "400"
  ],
  "Vampiro One":[
    "400"
  ],
  "Varela":[
    "400"
  ],
  "Varela Round":[
    "400"
  ],
  "Vast Shadow":[
    "400"
  ],
  "Vesper Libre":[
    "400",
    "500",
    "700",
    "900"
  ],
  "Vibur":[
    "400"
  ],
  "Vidaloka":[
    "400"
  ],
  "Viga":[
    "400"
  ],
  "Voces":[
    "400"
  ],
  "Volkhov":[
    "400",
    "400i",
    "700",
    "700i"
  ],
  "Vollkorn":[
    "400",
    "400i",
    "700",
    "700i"
  ],
  "Voltaire":[
    "400"
  ],
  "Waiting for the Sunrise":[
    "400"
  ],
  "Wallpoet":[
    "400"
  ],
  "Walter Turncoat":[
    "400"
  ],
  "Warnes":[
    "400"
  ],
  "Wellfleet":[
    "400"
  ],
  "Wendy One":[
    "400"
  ],
  "Wire One":[
    "400"
  ],
  "Yanone Kaffeesatz":[
    "200",
    "300",
    "400",
    "700"
  ],
  "Yellowtail":[
    "400"
  ],
  "Yeseva One":[
    "400"
  ],
  "Yesteryear":[
    "400"
  ],
  "Zeyada":[
    "400"
  ]
}
